Name;Phone
Rent It Hammanskraal;727211024
Mphakane Technologies;727217877
Vbalustrades;727236371
Moonbow;727259049
Mnyamande T Construction and Mkhonto Tombstones;727379204
VanRooyenskuil;727606983
Pheladi Group Holdings;727668281
PPK HOPETOWN;727962133
De Poort Farm;727986320
665 photography;728015868
Oneil Property Group;728078339
Siphilisane Trading  Projects;728083274
Virtual Guru - Virtual Personal Consultant Services;728224568
Fafish;728344040
Tsque traders;728684328
TEBOGO DIKHUBA ATTORNEYS INC;728787605
Robertson Timber Products;728843570
Tehillah Farm  Accommodation;728992188
Tanja's Aluminium (Pty) Ltd;729033834
Mashabashaba business enterprise;729060596
BSM Cosnsulting Service;729248759
Harcourts Milkwood;729548462
Phone Buddy Hartbeespoort  Phone Buddy Brits;730196094
pink roof truss;730963620
KBGT (PTY) Ltd;731240048
Luyasebenza Projects;731478058
Star Holding and Construction Projects;731543595
The Mercantile;731596734
GG Gqibelo;732194630
Value Equipment Supplies;732347366
Weldoc Pvt Ltd;732384404
Lemoen business services;732467219
PestChem Solutions;732617842
Vendors SA;732738034
NETCOM TRADING CC;732780333
Mathibeli Trading Enterprise Pty/Ltd;733106058
SYMBIOSIS ENGINEERING;733143876
Jireh Online (Pty) Ltd;733384763
Thee Bengus Delivery;733462678
Meedu Trading  Projects;733574621
Global Business Solutions Pty Ltd;733782738
MTK Engineering Solutions (PTY) LTD;733818808
DM Eng;733940166
Motha And Associates;733947161
A M S BUREAUTIC (PTY) LTD;734251092
BioCo Crops;734313443
B-Con 4x4 fitment centre;734378215
Predominant Consulting and Business Services;734407811
Phalala Tax, Financial and Business Consultants;734609028
Meijer Building Contractors Wilderness;734665291
Itelwe Consulting and Advisory;734825757
English Business Skills Training PTY;735066683
Thabo Equipment Tool Hire  Wendy Houses;735173902
M Tshabalala Attorneys;736188808
P Masebe;736244866
Justice bosh projects;736376707
Atlantis Maintenance  Supplies Ceo Pedro Cupido;736477402
Guwela Safaris;736526010
Zukie Residence Backyard Poultry;736688384
Timing Right Accounting  Tax Consultants;736914601
Magoto Business Enterprise;737007872
Lumka Civil Developments;737179550
"wRUWZ7zQAsLN1sQPmpDXuA8""-,null,null,1,null,""https://www.google.com/maps/preview/place/19+Curlew+Street.+Robinvale.+Atlantis.+7349/@-34.6283864,27.2516952,3283a,13.1y/datau003d!4m2!3m1!1s0x1dcced26a5e51fd1:0xe468bd102c4fb7c9";737190837
Kenge PTY LTD;737480106
Green Concepts herb  plant Nursery;737619179
The New Concept;737636955
TWIN BROTHERS HOLDING pty ltd;737657617
FRESH DIPPED;738051645
gzgQZ9XXCeeTkdUPr6nG8As;738319314
F0EQZ7TaGPzBjuMPlcO3gQs;738319314
Pele ship;738896451
South Coast Security;738922493
MM ENTERPRISE;739029904
Marble Hall Recycling;739038733
Precision Barber;739048872
MATLOU GROUP SERVICES;739064238
Peo ya katlego holdings;739177385
Botenko Business Enterprise (PTY) LTD;739273913
Dream Think and Create(Pty)Ltd;739847221
Searenity Mossel Bay;739957400
ICOHS;740118971
AXvida Technologies;740223419
Esayidi Rapid Incubator and Centre for Entrepreneurship;741180542
OraniaWeb;741812019
RMJ Marketing;742112116
Big Broad Construction;742198379
LDS Cater and Decor Events Management (PTY) Ltd;742265549
ECA CONSULTING;742447862
DMRJ PTY LTD;743223770
LDWorldwide;743326160
Mobile Application Development Company in Cape Town - Velociter Solutions;743674220
GB Business Consultants;745007116
Xact Printing and Digital Solutions;745104596
Nizaam fixit all builders;745399528
10 Workspectrum, 16 Enterprise Way Rivergate Industrial, Milnerton, Cape Town;745650542
HIHO;745890550
Truck Fleet and Fuel Logistics;746485266
Solid Grain;746576262
Kaizen Consultants  Projects 95;746863804
BDCS - Business Directive Contract Services;746917347
Legally You;746955542
Sonderend Fabrikante;747958260
Dm2 consulting and project PTY Ltd;748030303
Royal Minds Holdings (Pty)Ltd;748315571
"_TYYZ7neIrCdseMPl76faQ""-,null,null,1,null,""https://www.google.com/maps/preview/place/Forged+Metal+Works/@-34.6283864,27.2516952,3283a,13.1y/datau003d!4m2!3m1!1s0x1dd6a92ce7663051:0xd640b9eb13b8f28e";749483908
Thrive-Hive (PTY) LTD;749556751
Catering Chronicles Mafikeng;749621605
Vincere Drilling  Engineering Suppliers (Pty)Ltd;760141111
NETSTEEL WORKS;760179224
SBEC Engineering and Construction;760209071
DK KGABO BUSINESS ENTERPRISE;760495607
Vectigal accounting;760516559
Rhali Trading and Projects;761001324
Gemini Aluminium;761056225
Tshingwala Attorneys;761099373
Worcester Food Socks;761163106
Netshiluvhi business Complex;761169488
Perissos Mining  Engineering Company;761341225
ACSU;761389568
Elyxer Consulting;761514880
BLP-One Holdings (Pty) Ltd;761706369
Pethas Auditing Records Management And Archives Pty Ltd;761778185
Optimal Renewable Solutions;761884643
SND GROUP;762027684
Powered Africa Pty Ltd;762322372
L C FINANCIAL SOLUTIONS;762442820
"bGoSZ_y9JcauseMPxsDT2Qg""-,null,null,1,null,""https://www.google.com/maps/preview/place/Serame+Rental+Houses+and+Rooms/@-25.353262,28.224062,3606a,13.1y/datau003d!4m2!3m1!1s0x1ebfc18f760c3451:0x3ce1788532b7c376";762524069
TÅ¡ha TÅ¡ha TÅ¡ha Enterprises and Restaurant;763000969
CLMD Construction and Civils;763320800
naturally natured;763386298
Dynamicable Professionals (Pty) Ltd;763467157
Anointed Printing Solutions;763513439
DANG ENTERPRISES;763694339
Malista Projects;763723112
Business Matters Network Group Cape Town;763916545
Thebado Consulting Services Inc;763966288
Crest Advisory Africa (Pty) Ltd;764034307
PRISMIA;764041885
M.A.D 006 Enterprise Poultry Farm.;764203073
MyNon-ProfitSA;764279919
Wesley and Sons;764350513
Ukufakwa Mining;764424227
Master William Entertainment;764531280
Scion Realty Hermanus;764709398
M Journey trading (pty) LTD;764716423
PalletBiz SADC;764838140
Print Worx Signs;764855169
Profast Irrigation;765135660
Minatlou Trading (Pty) Ltd;765381232
Hive Dotcom Guest House _ Hendrina;765551403
Lindi Print  Copy;765584567
Three Angels Plant Hire Phalaborwa;765632556
DORIS POWER BARS;765672397
Dynamic generation;765757603
Hey Studios Creative;765873410
PUNAIZAR CONSTRUCTION AND PROJETS(PTY)LTD;765986138
Batlokwa business project  enter;766107728
Farm Gate butchery;766525380
Adv. Solly M. Masemola;766551869
Outeniqua Automation;766553263
Den-m's Breakdown Services;766597632
Mankai Trading Enterprise (PJE);767094350
MLT Tradings And Projects;767122203
Acomodation Plettenberg Bay-WITSEND;767262170
Tsantsabane Mining Pty Ltd.;767526777
LR Wholesalers;767552052
Surface Craft Solutions;767752181
QCS Business Solution;767951970
Neighborhood Creations and Maintenance (PTY) LTD;767963143
Mokopane;767982980
Stamp Business Consultants;768080822
Digital Accountant South Africa;768080822
WORKWELL Organisational Psychology;768425499
Die Windpomp Fontein;768655004
h computers;768685098
The Prepaid Team;768739473
VP Radio Global;768757965
NWELI. SIBEI fruit and vegetables;768823144
Genuine Black (Pty)Ltd;769064803
Pure Legacy (Pty) Ltd;769068197
